video_id,video_files1,video_files2,video_files3
1,'Dashboard_user_id_12670_NoAudio_5.MP4','Rearview_user_id_12670_NoAudio_5.MP4','Right_side_window_user_id_12670_NoAudio_5.MP4'
2,'Dashboard_user_id_12670_NoAudio_7.MP4','Rearview_user_id_12670_NoAudio_7.MP4','Right_side_window_user_id_12670_NoAudio_7.MP4'
3,'Dashboard_user_id_13148_NoAudio_5.MP4','Rearview_user_id_13148_NoAudio_5.MP4','Right_side_window_user_id_13148_NoAudio_5.MP4'
4,'Dashboard_user_id_13148_NoAudio_7.MP4','Rearview_user_id_13148_NoAudio_7.MP4','Right_side_window_user_id_13148_NoAudio_7.MP4'
5,'Dashboard_user_id_15198_NoAudio_5.MP4','Rearview_user_id_15198_NoAudio_5.MP4','Right_side_window_user_id_15198_NoAudio_5.MP4'
6,'Dashboard_user_id_15198_NoAudio_7.MP4','Rearview_user_id_15198_NoAudio_7.MP4','Right_side_window_user_id_15198_NoAudio_7.MP4'
7,'Dashboard_user_id_22530_NoAudio_5.MP4','Rear_view_user_id_22530_NoAudio_5.MP4','Right_side_window_user_id_22530_NoAudio_5.MP4'
8,'Dashboard_user_id_22530_NoAudio_7.MP4','Rear_view_user_id_22530_NoAudio_7.MP4','Right_side_window_user_id_22530_NoAudio_7.MP4'
9,'Dashboard_user_id_26223_NoAudio_3.MP4','Rear_view_user_id_26223_NoAudio_3.MP4','Right_side_window_user_id_26223_NoAudio_3.MP4'
10,'Dashboard_user_id_26223_NoAudio_5.MP4','Rear_view_user_id_26223_NoAudio_5.MP4','Right_side_window_user_id_26223_NoAudio_5.MP4'
11,'Dashboard_user_id_33508_NoAudio_5.MP4','Rearview_user_id_33508_NoAudio_5.MP4','Right_side_window_user_id_33508_NoAudio_5.MP4'
12,'Dashboard_user_id_33508_NoAudio_7.MP4','Rearview_user_id_33508_NoAudio_7.MP4','Right_side_window_user_id_33508_NoAudio_7.MP4'
13,'Dashboard_user_id_42897_NoAudio_5.MP4','Rear_view_user_id_42897_NoAudio_5.MP4','Right_side_window_user_id_42897_NoAudio_5.MP4'
14,'Dashboard_user_id_42897_NoAudio_7.MP4','Rear_view_user_id_42897_NoAudio_7.MP4','Right_side_window_user_id_42897_NoAudio_7.MP4'
15,'Dashboard_user_id_49989_NoAudio_5.MP4','Rear_view_user_id_49989_NoAudio_5.MP4','Right_side_window_user_id_49989_NoAudio_5.MP4'
16,'Dashboard_user_id_49989_NoAudio_7.MP4','Rear_view_user_id_49989_NoAudio_7.MP4','Right_side_window_user_id_49989_NoAudio_7.MP4'
17,'Dashboard_user_id_51953_NoAudio_3.MP4','Rear_view_user_id_51953_NoAudio_3.MP4','Right_side_window_user_id_51953_NoAudio_3.MP4'
18,'Dashboard_user_id_51953_NoAudio_7.MP4','Rear_view_user_id_51953_NoAudio_7.MP4','Right_side_window_user_id_51953_NoAudio_7.MP4'
19,'Dashboard_user_id_65840_NoAudio_5.MP4','Rearview_user_id_65840_NoAudio_5.MP4','Right_side_window_user_id_65840_NoAudio_5.MP4'
20,'Dashboard_user_id_65840_NoAudio_7.MP4','Rearview_user_id_65840_NoAudio_7.MP4','Right_side_window_user_id_65840_NoAudio_7.MP4'
21,'Dashboard_user_id_78826_NoAudio_5.MP4','Rearview_user_id_78826_NoAudio_5.MP4','Right_side_window_user_id_78826_NoAudio_5.MP4'
22,'Dashboard_user_id_78826_NoAudio_7.MP4','Rearview_user_id_78826_NoAudio_7.MP4','Right_side_window_user_id_78826_NoAudio_7.MP4'
23,'Dashboard_user_id_81902_NoAudio_5.MP4','Rearview_user_id_81902_NoAudio_5.MP4','Right_side_window_user_id_81902_NoAudio_5.MP4'
24,'Dashboard_user_id_81902_NoAudio_7.MP4','Rearview_user_id_81902_NoAudio_7.MP4','Right_side_window_user_id_81902_NoAudio_7.MP4'
25,'Dashboard_user_id_87837_NoAudio_5.MP4','Rearview_user_id_87837_NoAudio_5.MP4','Right_side_window_user_id_87837_NoAudio_5.MP4'
26,'Dashboard_user_id_87837_NoAudio_7.MP4','Rearview_user_id_87837_NoAudio_7.MP4','Right_side_window_user_id_87837_NoAudio_7.MP4'
27,'Dashboard_user_id_94265_NoAudio_5.MP4','Rear_view_user_id_94265_NoAudio_5.MP4','Right_side_window_user_id_94265_NoAudio_5.MP4'
28,'Dashboard_user_id_94265_NoAudio_7.MP4','Rear_view_user_id_94265_NoAudio_7.MP4','Right_side_window_user_id_94265_NoAudio_7.MP4'
29,'Dashboard_user_id_96715_NoAudio_5.MP4','Rear_view_user_id_96715_NoAudio_5.MP4','Right_side_window_user_id_96715_NoAudio_5.MP4'
30,'Dashboard_user_id_96715_NoAudio_7.MP4','Rear_view_user_id_96715_NoAudio_7.MP4','Right_side_window_user_id_96715_NoAudio_7.MP4'
